name,mpg,cylinders,displacement,horsepower,weight,acceleration,model_year,origin
46,0.2393617021276596,1.0,0.6620498614958449,0.5454545454545454,0.5361497022965693,0.2016129032258065,0.0,1
33,0.15957446808510636,1.0,0.7811634349030471,0.7727272727272727,0.5897363198185427,0.16129032258064524,0.0,1
221,0.2393617021276596,1.0,0.6925207756232687,0.6753246753246753,0.5168698610717324,0.12096774193548387,0.0,1
12,0.18617021276595744,1.0,0.6537396121883656,0.6753246753246753,0.5160192798412249,0.2016129032258065,0.0,1
153,0.2127659574468085,1.0,0.6481994459833795,0.6103896103896105,0.5205557130705982,0.08064516129032262,0.0,1
134,0.15957446808510636,1.0,1.0,0.9870129870129871,0.7734618656081657,0.040322580645161366,0.0,1
96,0.15957446808510636,1.0,0.8725761772853187,0.8051948051948052,0.5528777998298838,0.040322580645161366,0.0,1
54,0.15957446808510636,1.0,0.9196675900277009,0.6753246753246753,0.6090161610433796,0.0,0.0,1
261,0.39893617021276595,0.19999999999999996,0.12465373961218837,0.3181818181818182,0.21519705131840094,0.44354838709677435,0.0,3
210,0.3457446808510638,0.6000000000000001,0.3601108033240997,0.3181818181818182,0.3459030337397222,0.4838709677419356,0.0,1
6,0.2393617021276596,0.6000000000000001,0.3628808864265928,0.33116883116883117,0.3291749362064077,0.4838709677419356,0.0,1
143,0.3191489361702128,0.6000000000000001,0.36565096952908593,0.2532467532467532,0.2761553728381061,0.5241935483870969,0.0,1
90,0.4787234042553191,0.19999999999999996,0.08033240997229915,0.27272727272727276,0.14658349872412813,0.4032258064516129,0.0,3
269,0.4521276595744681,0.19999999999999996,0.08033240997229915,0.0,0.06294301105755595,0.8870967741935486,0.0,2
202,0.42553191489361697,0.19999999999999996,0.11634349030470911,0.2662337662337662,0.3002551743691523,0.6451612903225808,0.0,2
14,0.39893617021276595,0.19999999999999996,0.10803324099722991,0.28571428571428575,0.23164162177487946,0.4032258064516129,0.0,2
245,0.42553191489361697,0.19999999999999996,0.09972299168975071,0.3181818181818182,0.21604763254890846,0.6451612903225808,0.0,2
20,0.4521276595744681,0.19999999999999996,0.14681440443213298,0.4350649350649351,0.1760703147150553,0.24193548387096786,0.0,2
5,0.3191489361702128,0.6000000000000001,0.3628808864265928,0.28571428571428575,0.2934505245250921,0.44354838709677435,0.0,1
64,0.026595744680851047,1.0,0.6620498614958449,1.0,0.7833853132974199,0.44354838709677435,0.0,1
155,0.0,1.0,0.6537396121883656,0.9545454545454546,0.8843209526509782,0.7258064516129034,0.0,1
90,0.4787234042553191,0.19999999999999996,0.08033240997229915,0.27272727272727276,0.14658349872412813,0.4032258064516129,0.08333333333333304,3
62,0.5053191489361701,0.19999999999999996,0.1994459833795014,0.28571428571428575,0.18457612702013038,0.4838709677419356,0.08333333333333304,1
258,0.42553191489361697,0.19999999999999996,0.12465373961218837,0.3181818181818182,0.17436915225404026,0.3629032258064516,0.08333333333333304,3
5,0.26595744680851063,0.6000000000000001,0.45429362880886426,0.3506493506493506,0.2894811454493904,0.2822580645161291,0.08333333333333304,1
222,0.18617021276595744,0.6000000000000001,0.4349030470914128,0.38311688311688313,0.5177204423022399,0.4838709677419356,0.08333333333333304,1
46,0.2127659574468085,0.6000000000000001,0.5041551246537397,0.3506493506493506,0.4865324638502977,0.4838709677419356,0.08333333333333304,1
154,0.26595744680851063,0.6000000000000001,0.5041551246537397,0.27272727272727276,0.47887723277573013,0.4838709677419356,0.08333333333333304,1
8,0.2393617021276596,0.6000000000000001,0.45429362880886426,0.3506493506493506,0.4749078537000283,0.4838709677419356,0.08333333333333304,1
51,0.1329787234042553,1.0,0.7811634349030471,0.7727272727272727,0.736036291465835,0.2016129032258065,0.08333333333333304,1
232,0.1329787234042553,1.0,0.9196675900277009,0.8376623376623378,0.8083356960589737,0.16129032258064524,0.08333333333333304,1
134,0.1329787234042553,1.0,0.7839335180055402,0.6948051948051948,0.7204423022398639,0.32258064516129037,0.08333333333333304,1
213,0.1329787234042553,1.0,0.6925207756232687,0.6753246753246753,0.7039977317833853,0.2822580645161291,0.08333333333333304,1
110,0.0797872340425532,1.0,0.8725761772853187,0.8701298701298703,0.9475474907853699,0.16129032258064524,0.08333333333333304,1
123,0.10638297872340427,1.0,0.9196675900277009,0.8051948051948052,0.8882903317266798,0.2016129032258065,0.08333333333333304,1
239,0.10638297872340427,1.0,0.9196675900277009,0.8376623376623378,1.0,0.2016129032258065,0.08333333333333304,1
7,0.2393617021276596,0.6000000000000001,0.5263157894736842,0.41558441558441556,0.3824780266515452,0.32258064516129037,0.08333333333333304,1
61,0.3457446808510638,0.19999999999999996,0.1994459833795014,0.16883116883116883,0.22540402608449106,0.7661290322580646,0.08333333333333304,1
233,0.26595744680851063,0.6000000000000001,0.5041551246537397,0.3506493506493506,0.4732066912390134,0.44354838709677435,0.08333333333333304,1
144,0.2393617021276596,0.6000000000000001,0.5041551246537397,0.27272727272727276,0.43266231925148857,0.4032258064516129,0.08333333333333304,1
179,0.3723404255319148,0.19999999999999996,0.14958448753462603,0.25974025974025977,0.17210093563935358,0.3629032258064516,0.08333333333333304,1
199,0.5053191489361701,0.19999999999999996,0.13296398891966757,0.28571428571428575,0.14459880918627732,0.3629032258064516,0.08333333333333304,2
201,0.5585106382978723,0.19999999999999996,0.03047091412742381,0.15584415584415584,0.13070598242132125,0.8064516129032259,0.08333333333333304,2
117,0.5585106382978723,0.19999999999999996,0.055401662049861494,0.19480519480519481,0.1281542387297987,0.4032258064516129,0.08333333333333304,2
254,0.5851063829787234,0.19999999999999996,0.008310249307479228,0.12337662337662336,0.045364332293734044,0.7661290322580646,0.08333333333333304,3
71,0.6914893617021276,0.19999999999999996,0.011080332409972304,0.14935064935064934,0.0,0.6854838709677421,0.08333333333333304,3
273,0.4787234042553191,0.19999999999999996,0.08033240997229915,0.09090909090909088,0.06265948398072019,0.7661290322580646,0.08333333333333304,2
208,0.4521276595744681,0.19999999999999996,0.0637119113573407,0.15584415584415584,0.0969662602778566,0.8870967741935486,0.08333333333333304,1
259,0.39893617021276595,0.19999999999999996,0.12465373961218837,0.3181818181818182,0.1885455060958322,0.4838709677419356,0.16666666666666696,3
100,0.42553191489361697,0.19999999999999996,0.08171745152354568,0.2207792207792208,0.14544939041678484,0.6048387096774194,0.16666666666666696,1
60,0.29255319148936165,0.19999999999999996,0.1994459833795014,0.28571428571428575,0.22540402608449106,0.8064516129032259,0.16666666666666696,1
150,0.3191489361702128,0.19999999999999996,0.14958448753462603,0.25974025974025977,0.17380209810036862,0.5645161290322581,0.16666666666666696,1
51,0.10638297872340427,1.0,0.7811634349030471,0.7727272727272727,0.7544655514601645,0.2016129032258065,0.16666666666666696,1
231,0.1329787234042553,1.0,0.9196675900277009,0.8376623376623378,0.7859370569889425,0.2016129032258065,0.16666666666666696,1
213,0.15957446808510636,1.0,0.6925207756232687,0.6753246753246753,0.7150552877799831,0.32258064516129037,0.16666666666666696,1
134,0.1329787234042553,1.0,0.7839335180055402,0.6948051948051948,0.713354125318968,0.2822580645161291,0.16666666666666696,1
1,0.2127659574468085,1.0,0.6537396121883656,0.6753246753246753,0.58378225120499,0.16129032258064524,0.16666666666666696,1
28,0.10638297872340427,1.0,0.7811634349030471,0.7077922077922079,0.8191097249787355,0.32258064516129037,0.16666666666666696,1
194,0.0797872340425532,1.0,0.7811634349030471,0.7402597402597404,0.8060674794442869,0.32258064516129037,0.16666666666666696,1
70,0.10638297872340427,1.0,0.9196675900277009,0.9350649350649352,0.7964275588318684,0.24193548387096786,0.16666666666666696,1
175,0.26595744680851063,0.0,0.005540166204986152,0.33116883116883117,0.20328891409129568,0.32258064516129037,0.16666666666666696,3
9,0.15957446808510636,1.0,0.6537396121883656,0.6753246753246753,0.6461582081088745,0.24193548387096786,0.16666666666666696,1
45,0.10638297872340427,1.0,0.6620498614958449,0.5454545454545454,0.7045647859370571,0.3629032258064516,0.16666666666666696,1
136,0.10638297872340427,1.0,0.6481994459833795,0.6103896103896105,0.7601360929968811,0.5241935483870969,0.16666666666666696,1
223,0.1329787234042553,1.0,0.6925207756232687,0.6753246753246753,0.6986107173235044,0.3629032258064516,0.16666666666666696,1
281,0.2393617021276596,0.19999999999999996,0.14681440443213298,0.42857142857142855,0.374255741423306,0.4032258064516129,0.16666666666666696,2
270,0.3457446808510638,0.19999999999999996,0.14681440443213298,0.19480519480519481,0.25460731499858236,0.6854838709677421,0.16666666666666696,2
203,0.3191489361702128,0.19999999999999996,0.14404432132963987,0.2662337662337662,0.3872979869577545,0.8064516129032259,0.16666666666666696,2
242,0.4521276595744681,0.19999999999999996,0.0775623268698061,0.14935064935064934,0.16331159625744263,0.6854838709677421,0.16666666666666696,2
149,0.3457446808510638,0.19999999999999996,0.14958448753462603,0.25974025974025977,0.22171817408562522,0.5241935483870969,0.16666666666666696,1
80,0.5053191489361701,0.19999999999999996,0.08033240997229915,0.29870129870129875,0.19138077686419053,0.6048387096774194,0.16666666666666696,3
266,0.3723404255319148,0.19999999999999996,0.14404432132963987,0.33116883116883117,0.2531896796144032,0.4032258064516129,0.16666666666666696,3
99,0.5053191489361701,0.19999999999999996,0.08310249307479226,0.2207792207792208,0.1562234193365466,0.44354838709677435,0.16666666666666696,1
255,0.4787234042553191,0.19999999999999996,0.08033240997229915,0.27272727272727276,0.13807768641905305,0.5645161290322581,0.16666666666666696,3
23,0.10638297872340427,1.0,0.7811634349030471,0.8376623376623378,0.7051318400907286,0.2822580645161291,0.25,1
8,0.1329787234042553,1.0,0.6537396121883656,0.6753246753246753,0.58378225120499,0.16129032258064524,0.25,1
52,0.10638297872340427,1.0,0.7811634349030471,0.6428571428571428,0.6733768074851149,0.2822580645161291,0.25,1
135,0.1329787234042553,1.0,0.6481994459833795,0.5909090909090908,0.68868726963425,0.4032258064516129,0.25,1
104,0.15957446808510636,1.0,0.6925207756232687,0.6753246753246753,0.613552594272753,0.24193548387096786,0.25,1
184,0.0797872340425532,1.0,1.0,0.9870129870129871,0.9466969095548624,0.16129032258064524,0.25,1
41,0.10638297872340427,1.0,0.9196675900277009,0.6753246753246753,0.8083356960589737,0.2016129032258065,0.25,1
141,0.10638297872340427,1.0,0.7839335180055402,0.7272727272727273,0.779699461298554,0.2822580645161291,0.25,1
212,0.1329787234042553,1.0,0.6925207756232687,0.6753246753246753,0.7439750496172385,0.4032258064516129,0.25,1
0,0.10638297872340427,1.0,0.8088642659279779,0.8376623376623378,0.62602778565353,0.12096774193548387,0.25,1
225,0.2393617021276596,0.6000000000000001,0.4349030470914128,0.38311688311688313,0.42755883186844346,0.5645161290322581,0.25,1
59,0.18617021276595744,0.6000000000000001,0.5041551246537397,0.3506493506493506,0.47207258293167,0.6854838709677421,0.25,1
6,0.2393617021276596,0.6000000000000001,0.45429362880886426,0.3506493506493506,0.37765806634533594,0.5241935483870969,0.25,1
143,0.2393617021276596,0.6000000000000001,0.5041551246537397,0.27272727272727276,0.3992061241848597,0.5645161290322581,0.25,1
210,0.3723404255319148,0.6000000000000001,0.3601108033240997,0.3181818181818182,0.36603345619506666,0.5241935483870969,0.25,1
279,0.4521276595744681,0.19999999999999996,0.08033240997229915,0.0,0.09554862489367733,0.9274193548387099,0.25,2
51,0.05319148936170212,1.0,0.9196675900277009,0.6753246753246753,0.9594556280124752,0.3629032258064516,0.25,1
122,0.0797872340425532,1.0,0.9196675900277009,0.7857142857142858,0.9336546640204139,0.24193548387096786,0.25,1
209,0.10638297872340427,1.0,0.8088642659279779,0.8051948051948052,0.8622058406577827,0.2822580645161291,0.25,1
198,0.0797872340425532,1.0,0.7811634349030471,0.8701298701298703,0.818259143748228,0.24193548387096786,0.25,1
5,0.2393617021276596,0.6000000000000001,0.45429362880886426,0.3506493506493506,0.3334278423589453,0.44354838709677435,0.25,1
250,0.29255319148936165,0.19999999999999996,0.08033240997229915,0.27272727272727276,0.18882903317266797,0.7661290322580646,0.25,3
60,0.3191489361702128,0.19999999999999996,0.1994459833795014,0.16883116883116883,0.22341933654664026,0.8064516129032259,0.25,1
82,0.3457446808510638,0.19999999999999996,0.11080332409972296,0.31168831168831174,0.21718174085625175,0.5645161290322581,0.25,3
166,0.2393617021276596,0.0,0.005540166204986152,0.28571428571428575,0.1448823362631131,0.32258064516129037,0.25,3
148,0.26595744680851063,0.19999999999999996,0.14958448753462603,0.2532467532467532,0.19761837255457892,0.7258064516129034,0.25,1
180,0.3191489361702128,0.6000000000000001,0.2409972299168975,0.3961038961038961,0.24354975900198472,0.3629032258064516,0.25,1
115,0.4521276595744681,0.19999999999999996,0.08310249307479226,0.28571428571428575,0.18485965409696625,0.4838709677419356,0.25,2
56,0.15957446808510636,1.0,0.7811634349030471,0.6428571428571428,0.7000283527076835,0.2822580645161291,0.25,1
118,0.5319148936170213,0.19999999999999996,0.0,0.01948051948051943,0.07201587751630278,0.8064516129032259,0.25,2
200,0.39893617021276595,0.19999999999999996,0.13296398891966757,0.18831168831168832,0.15452225687553167,0.4838709677419356,0.25,2
15,0.29255319148936165,0.19999999999999996,0.12742382271468142,0.2922077922077922,0.2747377374539268,0.3629032258064516,0.25,2
280,0.26595744680851063,0.19999999999999996,0.14681440443213298,0.42857142857142855,0.35582648142897644,0.4838709677419356,0.25,2
107,0.15957446808510636,1.0,0.6925207756232687,0.6753246753246753,0.5063793592288064,0.12096774193548387,0.25,1
247,0.39893617021276595,0.19999999999999996,0.14681440443213298,0.41558441558441556,0.2968528494471222,0.3629032258064516,0.25,2
263,0.29255319148936165,0.6000000000000001,0.24376731301939056,0.4935064935064935,0.3385313297419904,0.32258064516129037,0.25,3
195,0.05319148936170212,1.0,0.7811634349030471,0.8701298701298703,0.5815140345903035,0.12096774193548387,0.25,1
210,0.29255319148936165,0.6000000000000001,0.3601108033240997,0.3181818181818182,0.4221718174085626,0.5645161290322581,0.33333333333333304,1
6,0.26595744680851063,0.6000000000000001,0.45429362880886426,0.3506493506493506,0.36518287496455915,0.5241935483870969,0.33333333333333304,1
58,0.15957446808510636,0.6000000000000001,0.5041551246537397,0.3506493506493506,0.4885171533881486,0.6048387096774194,0.33333333333333304,1
87,0.5851063829787234,0.19999999999999996,0.03047091412742381,0.13636363636363635,0.09554862489367733,0.7661290322580646,0.33333333333333304,3
148,0.4521276595744681,0.19999999999999996,0.14958448753462603,0.2207792207792208,0.2375956903884321,0.5645161290322581,0.33333333333333304,1
254,0.6117021276595744,0.19999999999999996,0.008310249307479228,0.12337662337662336,0.06322653813439183,0.9274193548387099,0.33333333333333304,3
60,0.42553191489361697,0.19999999999999996,0.1994459833795014,0.18831168831168832,0.2633966543804933,0.6048387096774194,0.33333333333333304,1
47,0.18617021276595744,0.6000000000000001,0.5041551246537397,0.3506493506493506,0.6146867025800965,0.6048387096774194,0.33333333333333304,1
8,0.18617021276595744,0.6000000000000001,0.5263157894736842,0.41558441558441556,0.5724411681315565,0.6854838709677421,0.33333333333333304,1
224,0.2393617021276596,0.6000000000000001,0.4349030470914128,0.38311688311688313,0.5670541536716757,0.5645161290322581,0.33333333333333304,1
135,0.18617021276595744,1.0,0.6481994459833795,0.6103896103896105,0.7167564502409981,0.3629032258064516,0.33333333333333304,1
25,0.10638297872340427,1.0,0.7811634349030471,0.6753246753246753,0.8749645591153955,0.4032258064516129,0.33333333333333304,1
105,0.1329787234042553,1.0,0.6925207756232687,0.6753246753246753,0.8063510065211227,0.32258064516129037,0.33333333333333304,1
136,0.1329787234042553,1.0,0.6481994459833795,0.6103896103896105,0.8576694074284094,0.5241935483870969,0.33333333333333304,1
9,0.1329787234042553,1.0,0.6537396121883656,0.6753246753246753,0.7496455911539551,0.4838709677419356,0.33333333333333304,1
19,0.5319148936170213,0.19999999999999996,0.08310249307479226,0.24025974025974023,0.1718174085625177,0.5645161290322581,0.33333333333333304,2
271,0.4521276595744681,0.19999999999999996,0.03047091412742381,0.13636363636363635,0.09923447689254328,0.4838709677419356,0.33333333333333304,2
200,0.4521276595744681,0.19999999999999996,0.08033240997229915,0.2077922077922078,0.1947831017862206,0.4032258064516129,0.33333333333333304,2
258,0.5851063829787234,0.19999999999999996,0.02216066481994458,0.03896103896103892,0.010206974766090171,0.5645161290322581,0.33333333333333304,3
83,0.6117021276595744,0.19999999999999996,0.041551246537396114,0.09740259740259738,0.11057555996597679,0.7661290322580646,0.33333333333333304,3
98,0.5053191489361701,0.19999999999999996,0.060941828254847646,0.18831168831168832,0.14516586333994896,0.4032258064516129,0.33333333333333304,1
118,0.39893617021276595,0.19999999999999996,0.060941828254847646,0.18831168831168832,0.14034590303373973,0.4838709677419356,0.33333333333333304,2
116,0.4521276595744681,0.19999999999999996,0.13296398891966757,0.18831168831168832,0.17947263963708537,0.3629032258064516,0.33333333333333304,2
159,0.39893617021276595,0.19999999999999996,0.14404432132963987,0.33116883116883117,0.24836971930819396,0.44354838709677435,0.33333333333333304,3
248,0.4521276595744681,0.19999999999999996,0.11080332409972296,0.3051948051948052,0.22058406577828182,0.4838709677419356,0.33333333333333304,3
121,0.5851063829787234,0.19999999999999996,0.03047091412742381,0.13636363636363635,0.10972497873546927,0.5241935483870969,0.33333333333333304,2
226,0.26595744680851063,0.6000000000000001,0.4349030470914128,0.3181818181818182,0.46810320385596826,0.5241935483870969,0.41666666666666696,1
58,0.2393617021276596,0.6000000000000001,0.5041551246537397,0.38311688311688313,0.5233909838389567,0.5241935483870969,0.41666666666666696,1
185,0.15957446808510636,0.6000000000000001,0.5041551246537397,0.16883116883116883,0.515735752764389,0.9274193548387099,0.41666666666666696,1
143,0.15957446808510636,0.6000000000000001,0.5041551246537397,0.16883116883116883,0.43804933371136945,0.8064516129032259,0.41666666666666696,1
231,0.18617021276595744,1.0,0.9196675900277009,0.8051948051948052,0.8661752197334845,0.16129032258064524,0.41666666666666696,1
39,0.15957446808510636,1.0,0.7811634349030471,0.6428571428571428,0.8015310462149136,0.3629032258064516,0.41666666666666696,1
214,0.18617021276595744,1.0,0.6925207756232687,0.6753246753246753,0.8179756166713922,0.4032258064516129,0.41666666666666696,1
141,0.1329787234042553,1.0,0.7839335180055402,0.6623376623376624,0.8630564218882902,0.32258064516129037,0.41666666666666696,1
22,0.2127659574468085,0.6000000000000001,0.4515235457063712,0.41558441558441556,0.6504111142614121,0.9274193548387099,0.41666666666666696,1
38,0.18617021276595744,0.6000000000000001,0.5041551246537397,0.38311688311688313,0.6475758434930535,0.7258064516129034,0.41666666666666696,1
8,0.15957446808510636,0.6000000000000001,0.5263157894736842,0.41558441558441556,0.6002268216614687,0.7661290322580646,0.41666666666666696,1
211,0.2393617021276596,0.6000000000000001,0.4349030470914128,0.3181818181818182,0.6158208108874398,0.7661290322580646,0.41666666666666696,1
31,0.3191489361702128,0.6000000000000001,0.4515235457063712,0.41558441558441556,0.4043096115679048,0.44354838709677435,0.41666666666666696,1
57,0.29255319148936165,1.0,0.5373961218836565,0.41558441558441556,0.45591153955202723,0.32258064516129037,0.41666666666666696,1
146,0.10638297872340427,1.0,0.6481994459833795,0.5389610389610389,0.44116813155656365,0.2016129032258065,0.41666666666666696,1
253,0.5319148936170213,0.19999999999999996,0.08033240997229915,0.18831168831168832,0.1582081088743975,0.5241935483870969,0.41666666666666696,3
148,0.3723404255319148,0.19999999999999996,0.1994459833795014,0.24025974025974023,0.29089878083356957,0.6048387096774194,0.41666666666666696,1
5,0.29255319148936165,0.6000000000000001,0.45429362880886426,0.3506493506493506,0.368868726963425,0.5241935483870969,0.41666666666666696,1
230,0.3723404255319148,0.19999999999999996,0.1994459833795014,0.2077922077922078,0.27757300822228526,0.7258064516129034,0.41666666666666696,1
258,0.39893617021276595,0.19999999999999996,0.18282548476454294,0.3246753246753246,0.30876098667422736,0.32258064516129037,0.41666666666666696,3
271,0.42553191489361697,0.19999999999999996,0.060941828254847646,0.16233766233766234,0.1729515168698611,0.5645161290322581,0.41666666666666696,2
83,0.39893617021276595,0.19999999999999996,0.14127423822714683,0.33116883116883117,0.26424723561100083,0.6048387096774194,0.41666666666666696,3
148,0.2393617021276596,0.6000000000000001,0.28531855955678664,0.33116883116883117,0.3887156223419337,0.4032258064516129,0.41666666666666696,1
274,0.5319148936170213,0.19999999999999996,0.060941828254847646,0.15584415584415584,0.09186277289481148,0.3629032258064516,0.41666666666666696,2
10,0.26595744680851063,0.6000000000000001,0.45429362880886426,0.28571428571428575,0.4530762687836688,0.6048387096774194,0.41666666666666696,1
15,0.3723404255319148,0.19999999999999996,0.13019390581717452,0.3181818181818182,0.3064927700595407,0.44354838709677435,0.41666666666666696,2
202,0.3723404255319148,0.19999999999999996,0.14404432132963987,0.27272727272727276,0.381060391267366,0.6048387096774194,0.41666666666666696,2
282,0.3457446808510638,0.19999999999999996,0.14681440443213298,0.3376623376623376,0.37765806634533594,0.4032258064516129,0.41666666666666696,2
247,0.42553191489361697,0.19999999999999996,0.14681440443213298,0.4480519480519481,0.2999716472923164,0.32258064516129037,0.41666666666666696,2
163,0.6382978723404255,0.19999999999999996,0.0637119113573407,0.045454545454545414,0.05160192798412244,0.6451612903225808,0.41666666666666696,3
119,0.5053191489361701,0.19999999999999996,0.10803324099722991,0.25974025974025977,0.24128154238729804,0.4838709677419356,0.5,2
199,0.42553191489361697,0.19999999999999996,0.13296398891966757,0.22727272727272724,0.17210093563935358,0.5967741935483871,0.5,2
37,0.42553191489361697,0.19999999999999996,0.1994459833795014,0.29870129870129875,0.2719024666855685,0.4354838709677421,0.5,1
98,0.4521276595744681,0.19999999999999996,0.08310249307479226,0.21428571428571425,0.18202438332860793,0.6612903225806451,0.5,1
243,0.4787234042553191,0.19999999999999996,0.09141274238227146,0.24025974025974023,0.16699744825630847,0.4677419354838711,0.5,2
47,0.22606382978723402,1.0,0.6565096952908588,0.6103896103896105,0.7377374539268501,0.2822580645161291,0.5,1
103,0.18617021276595744,1.0,0.6925207756232687,0.6753246753246753,0.7306492770059542,0.2822580645161291,0.5,1
8,0.17287234042553193,1.0,0.6537396121883656,0.4805194805194805,0.666005103487383,0.3548387096774194,0.5,1
135,0.14627659574468085,1.0,0.7839335180055402,0.6883116883116884,0.7377374539268501,0.2661290322580646,0.5,1
225,0.3457446808510638,0.6000000000000001,0.4349030470914128,0.3506493506493506,0.4593138644740573,0.47580645161290336,0.5,1
58,0.3457446808510638,0.6000000000000001,0.5041551246537397,0.38311688311688313,0.49333711369435784,0.4032258064516129,0.5,1
143,0.39893617021276595,0.6000000000000001,0.36565096952908593,0.22727272727272724,0.3966543804933371,0.6532258064516131,0.5,1
6,0.35904255319148937,0.6000000000000001,0.45429362880886426,0.28571428571428575,0.41735185710235323,0.6532258064516131,0.5,1
286,0.5319148936170213,0.19999999999999996,0.060941828254847646,0.15584415584415584,0.09186277289481148,0.3790322580645161,0.5,2
159,0.6382978723404255,0.19999999999999996,0.0637119113573407,0.045454545454545414,0.05160192798412244,0.6370967741935484,0.5,3
95,0.29255319148936165,0.6000000000000001,0.4349030470914128,0.3506493506493506,0.5778281825914374,0.6612903225806451,0.5,1
138,0.2393617021276596,0.6000000000000001,0.5041551246537397,0.2077922077922078,0.5559965976750779,0.9274193548387099,0.5,1
241,0.25265957446808507,0.6000000000000001,0.5041551246537397,0.41558441558441556,0.5761270201304224,0.5403225806451614,0.5,1
11,0.22606382978723402,0.6000000000000001,0.5263157894736842,0.3181818181818182,0.4479727814006238,0.6693548387096776,0.5,1
274,0.5452127659574467,0.19999999999999996,0.08033240997229915,0.16233766233766234,0.06010774028919763,0.217741935483871,0.5,2
86,0.6117021276595744,0.19999999999999996,0.047091412742382266,0.15584415584415584,0.10688970796711084,0.6048387096774194,0.5,3
253,0.5053191489361701,0.19999999999999996,0.08033240997229915,0.18831168831168832,0.15367167564502415,0.5564516129032259,0.5,3
148,0.46542553191489355,0.19999999999999996,0.1994459833795014,0.16883116883116883,0.2699177771477176,0.3306451612903226,0.5,1
283,0.29255319148936165,0.19999999999999996,0.17174515235457063,0.3636363636363636,0.43578111709668277,0.5000000000000001,0.5,2
229,0.10638297872340427,1.0,0.6925207756232687,0.6753246753246753,0.6597675077969946,0.2983870967741936,0.5,1
202,0.26595744680851063,0.19999999999999996,0.14404432132963987,0.27272727272727276,0.4698043663169833,1.0,0.5,2
263,0.26595744680851063,0.6000000000000001,0.24376731301939056,0.40259740259740256,0.37340516019279846,0.4838709677419356,0.5,3
178,0.19946808510638295,0.6000000000000001,0.2770083102493075,0.4805194805194805,0.625744258576694,0.5806451612903226,0.5,2
36,0.19946808510638295,1.0,0.7811634349030471,0.8701298701298703,0.7845194216047632,0.20967741935483875,0.5,1
63,0.10638297872340427,1.0,0.7811634349030471,0.6428571428571428,0.692373121633116,0.2016129032258065,0.5,1
126,0.10638297872340427,1.0,0.6481994459833795,0.5454545454545454,0.6399206124184861,0.44354838709677435,0.5,1
106,0.10638297872340427,1.0,0.6925207756232687,0.6753246753246753,0.6073149985823646,0.3629032258064516,0.5,1
157,0.5984042553191489,0.19999999999999996,0.08310249307479226,0.14285714285714285,0.12248369719308194,0.7258064516129034,0.583333333333333,3
29,0.5585106382978723,0.19999999999999996,0.11911357340720222,0.2207792207792208,0.15367167564502415,0.42741935483870985,0.583333333333333,1
244,0.7180851063829787,0.19999999999999996,0.03047091412742381,0.07792207792207789,0.06010774028919763,0.7338709677419356,0.583333333333333,2
206,0.43882978723404253,0.19999999999999996,0.14958448753462603,0.3246753246753246,0.1947831017862206,0.4838709677419356,0.583333333333333,1
89,0.651595744680851,0.19999999999999996,0.047091412742382266,0.15584415584415584,0.09413098950949816,0.5887096774193551,0.583333333333333,3
41,0.22606382978723402,1.0,0.6565096952908588,0.6428571428571428,0.6427558831868444,0.24193548387096786,0.583333333333333,1
193,0.2127659574468085,1.0,0.5318559556786704,0.41558441558441556,0.6937907570172951,0.7661290322580646,0.583333333333333,1
111,0.17287234042553193,1.0,0.6925207756232687,0.6428571428571428,0.7164729231641621,0.33870967741935487,0.583333333333333,1
181,0.15957446808510636,1.0,0.6481994459833795,0.5454545454545454,0.7604196200737171,0.4354838709677421,0.583333333333333,1
50,0.22606382978723402,0.6000000000000001,0.5041551246537397,0.41558441558441556,0.5406861355259427,0.5564516129032259,0.583333333333333,1
32,0.3058510638297872,0.6000000000000001,0.4515235457063712,0.38311688311688313,0.5137510632265382,0.5967741935483871,0.583333333333333,1
228,0.26595744680851063,0.6000000000000001,0.4349030470914128,0.3506493506493506,0.5718741139778848,0.6612903225806451,0.583333333333333,1
137,0.25265957446808507,0.6000000000000001,0.5041551246537397,0.3376623376623376,0.542103770910122,0.7661290322580646,0.583333333333333,1
234,0.18617021276595744,1.0,0.9196675900277009,0.8701298701298703,0.7391550893110291,0.12903225806451613,0.583333333333333,1
55,0.17287234042553193,1.0,0.7811634349030471,0.8051948051948052,0.723561100085058,0.153225806451613,0.583333333333333,1
66,0.17287234042553193,1.0,0.9196675900277009,0.9350649350649352,0.7689254323787921,0.217741935483871,0.583333333333333,1
152,0.18617021276595744,1.0,0.7839335180055402,0.6688311688311688,0.7717607031471506,0.4032258064516129,0.583333333333333,1
275,0.5319148936170213,0.19999999999999996,0.08033240997229915,0.2077922077922078,0.092713354125319,0.4032258064516129,0.583333333333333,2
240,0.4122340425531914,0.19999999999999996,0.2299168975069252,0.27272727272727276,0.3195350155939892,0.5241935483870969,0.583333333333333,1
256,0.4521276595744681,0.19999999999999996,0.08033240997229915,0.18831168831168832,0.18485965409696625,0.7016129032258066,0.583333333333333,3
147,0.43882978723404253,0.19999999999999996,0.1994459833795014,0.2792207792207792,0.3237879217465268,0.5080645161290324,0.583333333333333,1
48,0.5718085106382979,0.19999999999999996,0.08310249307479226,0.11038961038961037,0.12418485965409698,0.6048387096774194,0.583333333333333,1
102,0.651595744680851,0.19999999999999996,0.08310249307479226,0.24025974025974023,0.13098950949815713,0.5161290322580646,0.583333333333333,1
249,0.5585106382978723,0.19999999999999996,0.08033240997229915,0.13636363636363635,0.10547207258293168,0.5564516129032259,0.583333333333333,3
271,0.5718085106382979,0.19999999999999996,0.08033240997229915,0.2077922077922078,0.1635951233342784,0.3709677419354839,0.583333333333333,2
84,0.3457446808510638,0.6000000000000001,0.21606648199445985,0.33116883116883117,0.3407995463566771,0.4032258064516129,0.583333333333333,3
21,0.33244680851063824,0.19999999999999996,0.14681440443213298,0.41558441558441556,0.27984122483697194,0.2661290322580646,0.583333333333333,2
173,0.33244680851063824,0.0,0.033240997229916885,0.41558441558441556,0.31386447405727247,0.32258064516129037,0.583333333333333,3
276,0.9069148936170214,0.19999999999999996,0.060941828254847646,0.012987012987012936,0.10547207258293168,0.9677419354838711,0.666666666666667,2
132,0.7207446808510638,0.19999999999999996,0.08310249307479226,0.12987012987012986,0.053019563368301714,0.39516129032258085,0.666666666666667,1
172,0.6329787234042552,0.19999999999999996,0.027700831024930733,0.03896103896103892,0.10547207258293168,0.7983870967741936,0.666666666666667,3
88,0.8085106382978723,0.19999999999999996,0.047091412742382266,0.15584415584415584,0.12957187411397786,0.7338709677419356,0.666666666666667,3
163,0.7207446808510638,0.19999999999999996,0.0637119113573407,0.09090909090909088,0.053019563368301714,0.5564516129032259,0.666666666666667,3
192,0.2898936170212765,1.0,0.5318559556786704,0.41558441558441556,0.4967394386163879,0.4838709677419356,0.666666666666667,1
108,0.276595744680851,1.0,0.6925207756232687,0.6103896103896105,0.601644457045648,0.2983870967741936,0.666666666666667,1
186,0.2978723404255319,1.0,0.6481994459833795,0.6038961038961039,0.5548624893677346,0.2661290322580646,0.666666666666667,1
238,0.27127659574468077,0.6000000000000001,0.4515235457063712,0.38311688311688313,0.5449390416784804,0.7822580645161291,0.666666666666667,1
52,0.3058510638297872,0.6000000000000001,0.36565096952908593,0.3181818181818182,0.43719875248086193,0.7016129032258066,0.666666666666667,1
128,0.2978723404255319,0.6000000000000001,0.36565096952908593,0.2532467532467532,0.3833286078820527,0.5080645161290324,0.666666666666667,1
129,0.42819148936170215,0.19999999999999996,0.1994459833795014,0.27272727272727276,0.31386447405727247,0.47580645161290336,0.666666666666667,1
227,0.3058510638297872,0.6000000000000001,0.4349030470914128,0.3506493506493506,0.5151686986107173,0.6209677419354839,0.666666666666667,1
2,0.276595744680851,0.6000000000000001,0.45429362880886426,0.28571428571428575,0.45279274170683304,0.6209677419354839,0.666666666666667,1
26,0.3085106382978724,0.6000000000000001,0.4515235457063712,0.38311688311688313,0.5009923447689254,0.5080645161290324,0.666666666666667,1
187,0.31382978723404253,0.6000000000000001,0.36565096952908593,0.2532467532467532,0.41309895094981575,0.5806451612903226,0.666666666666667,1
93,0.25531914893617025,0.6000000000000001,0.4349030470914128,0.41558441558441556,0.5690388432095265,0.7419354838709679,0.666666666666667,1
3,0.2420212765957447,0.6000000000000001,0.5263157894736842,0.4805194805194805,0.5094981570740006,0.4516129032258066,0.666666666666667,1
55,0.27127659574468077,1.0,0.6565096952908588,0.6428571428571428,0.5137510632265382,0.2983870967741936,0.666666666666667,1
30,0.23138297872340421,0.6000000000000001,0.4515235457063712,0.7727272727272727,0.5194216047632549,0.3145161290322581,0.666666666666667,1
133,0.2420212765957447,1.0,0.6481994459833795,0.6038961038961039,0.4513751063226539,0.13709677419354838,0.666666666666667,1
109,0.22606382978723402,1.0,0.6925207756232687,0.6103896103896105,0.699461298554012,0.33870967741935487,0.666666666666667,1
48,0.5585106382978723,0.19999999999999996,0.08310249307479226,0.14285714285714285,0.15367167564502415,0.5645161290322581,0.666666666666667,1
258,0.4920212765957447,0.19999999999999996,0.18282548476454294,0.3181818181818182,0.2685001417635384,0.3790322580645161,0.666666666666667,3
79,0.48404255319148926,0.19999999999999996,0.14127423822714683,0.33116883116883117,0.1947831017862206,0.4193548387096774,0.666666666666667,3
112,0.5824468085106382,0.19999999999999996,0.10249307479224376,0.18831168831168832,0.1749362064077119,0.4032258064516129,0.666666666666667,1
252,0.32180851063829785,0.19999999999999996,0.18282548476454294,0.3181818181818182,0.25574142330592575,0.42741935483870985,0.666666666666667,3
220,0.37765957446808507,0.19999999999999996,0.24376731301939056,0.38311688311688313,0.3209526509781684,0.5806451612903226,0.666666666666667,1
197,0.3936170212765957,0.19999999999999996,0.2299168975069252,0.2532467532467532,0.3521406294301106,0.6532258064516131,0.666666666666667,1
72,0.39627659574468077,0.19999999999999996,0.14127423822714683,0.33116883116883117,0.22455344485398354,0.4354838709677421,0.666666666666667,3
17,0.30053191489361697,0.3999999999999999,0.17451523545706368,0.37012987012987014,0.3450524525092147,0.5161290322580646,0.666666666666667,2
284,0.2127659574468085,0.6000000000000001,0.26315789473684215,0.5129870129870131,0.43294584632832434,0.3306451612903226,0.666666666666667,2
246,0.3351063829787234,0.19999999999999996,0.14681440443213298,0.4480519480519481,0.33512900481996033,0.5000000000000001,0.666666666666667,2
205,0.19148936170212763,0.6000000000000001,0.26315789473684215,0.5649350649350648,0.5094981570740006,0.5080645161290324,0.666666666666667,2
278,0.5984042553191489,0.19999999999999996,0.05817174515235457,0.16233766233766234,0.10688970796711084,0.4354838709677421,0.666666666666667,2
158,0.5452127659574467,0.19999999999999996,0.08310249307479226,0.14285714285714285,0.1480011341083074,0.5725806451612906,0.666666666666667,3
236,0.33244680851063824,0.6000000000000001,0.4515235457063712,0.4480519480519481,0.4627161893960874,0.47580645161290336,0.75,1
188,0.2872340425531915,0.6000000000000001,0.36565096952908593,0.2532467532467532,0.3904167848029487,0.7016129032258066,0.75,1
130,0.3537234042553191,0.19999999999999996,0.1994459833795014,0.27272727272727276,0.36206407711936495,0.6290322580645163,0.75,1
4,0.2978723404255319,0.6000000000000001,0.45429362880886426,0.28571428571428575,0.46838673093280414,0.7016129032258066,0.75,1
94,0.3085106382978724,0.6000000000000001,0.4349030470914128,0.41558441558441556,0.49532180323220865,0.5725806451612906,0.75,1
41,0.2127659574468085,1.0,0.6565096952908588,0.5454545454545454,0.6314148001134109,0.47580645161290336,0.75,1
142,0.2287234042553192,1.0,0.6481994459833795,0.5389610389610389,0.5988091862772894,0.3145161290322581,0.75,1
182,0.19946808510638295,1.0,0.7839335180055402,0.5974025974025974,0.6640204139495322,0.2983870967741936,0.75,1
114,0.24468085106382978,1.0,0.6925207756232687,0.577922077922078,0.6285795293450523,0.45967741935483863,0.75,1
27,0.21010638297872333,1.0,0.7811634349030471,0.7077922077922079,0.7788488800680465,0.4354838709677421,0.75,1
123,0.17287234042553193,1.0,0.7839335180055402,0.6233766233766234,0.69208959455628,0.3870967741935486,0.75,1
53,0.27127659574468077,1.0,0.551246537396122,0.5129870129870131,0.5647859370569889,0.44354838709677435,0.75,1
69,0.25265957446808507,1.0,0.8088642659279779,0.6753246753246753,0.6597675077969946,0.2822580645161291,0.75,1
288,0.6090425531914893,0.19999999999999996,0.05817174515235457,0.16233766233766234,0.08846044797278141,0.3629032258064516,0.75,2
165,0.6675531914893617,0.19999999999999996,0.04986149584487534,0.12337662337662336,0.10263680181457335,0.45967741935483863,0.75,3
101,0.7101063829787234,0.19999999999999996,0.08310249307479226,0.2207792207792208,0.08562517720442298,0.39516129032258085,0.75,1
13,0.4893617021276595,0.19999999999999996,0.14681440443213298,0.2207792207792208,0.29968812021548064,0.44354838709677435,0.75,1
176,0.43617021276595735,0.3999999999999999,0.31855955678670367,0.20129870129870125,0.5435214062943011,0.8548387096774196,0.75,2
35,0.3723404255319148,1.0,0.7811634349030471,0.5129870129870131,0.648426424723561,0.6370967741935484,0.75,1
215,0.6702127659574468,0.19999999999999996,0.10249307479224376,0.15584415584415584,0.16643039410263682,0.2983870967741936,0.75,1
218,0.6781914893617021,0.19999999999999996,0.10249307479224376,0.15584415584415584,0.15225404026084488,0.4354838709677421,0.75,1
74,0.6063829787234042,0.19999999999999996,0.047091412742382266,0.12337662337662336,0.11539552027218603,0.7822580645161291,0.75,3
120,0.752659574468085,0.19999999999999996,0.0637119113573407,0.14935064935064934,0.14658349872412813,0.4193548387096774,0.75,2
34,0.5159574468085105,0.19999999999999996,0.2299168975069252,0.28571428571428575,0.29968812021548064,0.5241935483870969,0.75,1
49,0.526595744680851,0.6000000000000001,0.29085872576177285,0.4480519480519481,0.2784235894527928,0.14516129032258074,0.75,1
196,0.47340425531914887,0.6000000000000001,0.29085872576177285,0.4480519480519481,0.3081939325205557,0.27419354838709686,0.75,1
237,0.651595744680851,0.19999999999999996,0.2299168975069252,0.28571428571428575,0.26736603345619503,0.2983870967741936,0.75,1
286,0.8643617021276596,0.19999999999999996,0.08310249307479226,0.19480519480519481,0.15055287779982984,0.4193548387096774,0.833333333333333,2
257,0.773936170212766,0.19999999999999996,0.05817174515235457,0.09090909090909088,0.10065211227672244,0.7500000000000001,0.833333333333333,3
48,0.6143617021276596,0.19999999999999996,0.08310249307479226,0.15584415584415584,0.1437482279557698,0.4838709677419356,0.833333333333333,1
77,0.75,0.19999999999999996,0.04986149584487534,0.12337662337662336,0.11511199319535015,0.5564516129032259,0.833333333333333,3
49,0.5053191489361701,0.19999999999999996,0.2299168975069252,0.28571428571428575,0.3019563368301673,0.5645161290322581,0.833333333333333,1
127,0.4627659574468085,0.19999999999999996,0.1994459833795014,0.27272727272727276,0.3563935355826482,0.6935483870967744,0.833333333333333,1
2,0.40691489361702127,0.19999999999999996,0.2299168975069252,0.28571428571428575,0.39410263680181457,0.8548387096774196,0.833333333333333,1
93,0.2686170212765957,0.6000000000000001,0.4349030470914128,0.28571428571428575,0.5012758718457613,0.7419354838709679,0.833333333333333,1
16,0.6728723404255318,0.19999999999999996,0.08033240997229915,0.2077922077922078,0.16302806918060675,0.5080645161290324,0.833333333333333,2
260,0.5531914893617021,0.19999999999999996,0.18282548476454294,0.28571428571428575,0.3113127303657499,0.4838709677419356,0.833333333333333,3
167,0.5930851063829787,0.19999999999999996,0.14404432132963987,0.18831168831168832,0.2633966543804933,0.6451612903225808,0.833333333333333,3
81,0.7446808510638298,0.19999999999999996,0.14127423822714683,0.29870129870129875,0.23277573008222285,0.44354838709677435,0.833333333333333,3
253,0.6170212765957447,0.19999999999999996,0.11080332409972296,0.18831168831168832,0.18485965409696625,0.45967741935483863,0.833333333333333,3
168,1.0000000000000002,0.19999999999999996,0.04986149584487534,0.12337662337662336,0.14091295718741137,0.6774193548387096,0.833333333333333,3
98,0.5026595744680851,0.19999999999999996,0.24376731301939056,0.38311688311688313,0.3365466402041395,0.39516129032258085,0.833333333333333,1
74,0.8457446808510637,0.19999999999999996,0.047091412742382266,0.12337662337662336,0.14091295718741137,0.7822580645161291,0.833333333333333,3
287,0.9388297872340424,0.19999999999999996,0.060941828254847646,0.012987012987012936,0.13382478026651545,0.9838709677419356,0.833333333333333,2
18,0.7287234042553191,0.3999999999999999,0.14681440443213298,0.13636363636363635,0.3790757017295152,0.8387096774193549,0.833333333333333,2
177,0.5585106382978723,0.19999999999999996,0.21606648199445985,0.13636363636363635,0.46413382478026655,0.9919354838709679,0.833333333333333,2
162,0.9468085106382979,0.19999999999999996,0.0637119113573407,0.13636363636363635,0.06719591721009355,0.3467741935483871,0.833333333333333,3
249,0.6595744680851062,0.19999999999999996,0.08033240997229915,0.13636363636363635,0.15083640487666572,0.6854838709677421,0.833333333333333,3
268,0.5531914893617021,0.19999999999999996,0.05817174515235457,0.10389610389610388,0.06577828182591439,0.4677419354838711,0.833333333333333,2
76,0.6303191489361702,0.6000000000000001,0.2770083102493075,0.5584415584415585,0.3677346186560817,0.153225806451613,0.833333333333333,3
174,0.39095744680851063,0.0,0.005540166204986152,0.3506493506493506,0.22880635100652114,0.24193548387096786,0.833333333333333,3
267,0.6914893617021276,0.19999999999999996,0.14958448753462603,0.27272727272727276,0.25148851715338816,0.4516129032258066,0.833333333333333,2
156,0.6223404255319148,0.19999999999999996,0.10803324099722991,0.16883116883116883,0.19194783101786217,0.6048387096774194,0.833333333333333,3
219,0.48404255319148926,0.19999999999999996,0.185595567867036,0.24675324675324678,0.24865324638502972,0.5000000000000001,0.916666666666667,1
32,0.46808510638297873,0.19999999999999996,0.2299168975069252,0.24675324675324678,0.2897646725262263,0.5564516129032259,0.916666666666667,1
92,0.44680851063829785,0.19999999999999996,0.24376731301939056,0.29870129870129875,0.2855117663736887,0.39516129032258085,0.916666666666667,1
49,0.3856382978723404,0.6000000000000001,0.29085872576177285,0.41558441558441556,0.31528210944145163,0.2500000000000001,0.916666666666667,1
219,0.5585106382978723,0.19999999999999996,0.185595567867036,0.24675324675324678,0.21888290331726679,0.27419354838709686,0.916666666666667,1
264,0.8005319148936171,0.19999999999999996,0.03047091412742381,0.07792207792207789,0.040260844910688987,0.5967741935483871,0.916666666666667,3
207,0.7978723404255318,0.19999999999999996,0.04986149584487534,0.11688311688311687,0.07428409413098946,0.5564516129032259,0.916666666666667,1
161,0.6941489361702128,0.19999999999999996,0.03601108033240996,0.09090909090909088,0.04167848029486815,0.5322580645161293,0.916666666666667,3
248,0.6196808510638296,0.19999999999999996,0.08033240997229915,0.13636363636363635,0.1281542387297987,0.6693548387096776,0.916666666666667,3
75,0.7446808510638298,0.19999999999999996,0.047091412742382266,0.12337662337662336,0.10263680181457335,0.7983870967741936,0.916666666666667,3
265,0.7632978723404257,0.19999999999999996,0.05817174515235457,0.10389610389610388,0.1239013325772611,0.6290322580645163,0.916666666666667,3
169,0.6675531914893617,0.19999999999999996,0.0637119113573407,0.14285714285714285,0.10547207258293168,0.5241935483870969,0.916666666666667,3
216,0.6835106382978724,0.19999999999999996,0.10249307479224376,0.11038961038961037,0.17068330025517442,0.4354838709677421,0.916666666666667,1
125,0.675531914893617,0.19999999999999996,0.08310249307479226,0.12337662337662336,0.12248369719308194,0.5403225806451614,0.916666666666667,1
124,0.5558510638297872,0.19999999999999996,0.08310249307479226,0.12337662337662336,0.21746526793308762,0.9032258064516131,0.916666666666667,1
272,0.6382978723404255,0.19999999999999996,0.10249307479224376,0.18181818181818182,0.1635951233342784,0.3790322580645161,0.916666666666667,2
164,0.6569148936170213,0.19999999999999996,0.10803324099722991,0.18831168831168832,0.16926566487099515,0.39516129032258085,0.916666666666667,3
253,0.6223404255319148,0.19999999999999996,0.11080332409972296,0.18831168831168832,0.20895945562801244,0.5887096774193551,0.916666666666667,3
73,0.6356382978723404,0.19999999999999996,0.14127423822714683,0.3506493506493506,0.28409413098950953,0.42741935483870985,0.916666666666667,3
167,0.601063829787234,0.19999999999999996,0.14404432132963987,0.18181818181818182,0.2897646725262263,0.7096774193548389,0.916666666666667,3
204,0.5079787234042553,0.19999999999999996,0.20221606648199444,0.2207792207792208,0.4584632832435498,0.8790322580645161,0.916666666666667,2
285,0.577127659574468,0.6000000000000001,0.21329639889196675,0.19480519480519481,0.4386163878650411,0.8145161290322583,0.916666666666667,2
262,0.43617021276595735,0.6000000000000001,0.2770083102493075,0.45454545454545453,0.36489934788772327,0.2500000000000001,0.916666666666667,3
85,0.4042553191489361,0.6000000000000001,0.21606648199445985,0.4805194805194805,0.37340516019279846,0.3467741935483871,0.916666666666667,3
22,0.3563829787234042,0.6000000000000001,0.4515235457063712,0.41558441558441556,0.5109157924581798,0.5080645161290324,0.916666666666667,1
191,0.46808510638297873,1.0,0.7811634349030471,0.38311688311688313,0.5988091862772894,0.7661290322580646,0.916666666666667,1
139,0.2978723404255319,0.6000000000000001,0.36565096952908593,0.27272727272727276,0.4102636801814573,0.6129032258064518,0.916666666666667,1
68,0.2287234042553192,0.6000000000000001,0.4349030470914128,0.2532467532467532,0.5250921462999717,0.5725806451612906,0.916666666666667,1
42,0.5053191489361701,0.19999999999999996,0.12188365650969527,0.27272727272727276,0.2812588602211511,0.8145161290322583,1.0,1
44,0.4787234042553191,0.19999999999999996,0.12188365650969527,0.27272727272727276,0.29118230791040545,0.7338709677419356,1.0,1
43,0.6648936170212766,0.19999999999999996,0.12188365650969527,0.27272727272727276,0.22171817408562522,0.6854838709677421,1.0,1
235,0.5851063829787234,0.19999999999999996,0.12188365650969527,0.2532467532467532,0.272753047916076,0.5403225806451614,1.0,1
91,0.5319148936170213,0.19999999999999996,0.185595567867036,0.24675324675324678,0.2585766940742841,0.5241935483870969,1.0,1
237,0.4787234042553191,0.19999999999999996,0.2299168975069252,0.28571428571428575,0.31811738020981006,0.6854838709677421,1.0,1
131,0.39893617021276595,0.19999999999999996,0.1994459833795014,0.29870129870129875,0.3549759001984689,0.5564516129032259,1.0,1
277,0.7180851063829787,0.19999999999999996,0.10249307479224376,0.18181818181818182,0.10405443719875251,0.4677419354838711,1.0,2
171,0.7446808510638298,0.19999999999999996,0.0637119113573407,0.14285714285714285,0.11681315565636519,0.7016129032258066,1.0,3
170,0.5851063829787234,0.19999999999999996,0.0637119113573407,0.14285714285714285,0.10121916643039408,0.6532258064516131,1.0,3
217,0.7712765957446809,0.19999999999999996,0.10249307479224376,0.11038961038961037,0.14516586333994896,0.4193548387096774,1.0,1
183,0.7180851063829787,0.19999999999999996,0.08310249307479226,0.15584415584415584,0.14516586333994896,0.6290322580645163,1.0,1
189,0.7180851063829787,0.19999999999999996,0.14404432132963987,0.27272727272727276,0.15508931102920331,0.4032258064516129,1.0,3
156,0.7180851063829787,0.19999999999999996,0.10803324099722991,0.18831168831168832,0.16784802948681599,0.4032258064516129,1.0,3
253,0.6648936170212766,0.19999999999999996,0.11080332409972296,0.15584415584415584,0.1791891125602495,0.5967741935483871,1.0,3
159,0.7712765957446809,0.19999999999999996,0.0637119113573407,0.13636363636363635,0.09980153104621492,0.44354838709677435,1.0,3
160,0.6117021276595744,0.19999999999999996,0.0637119113573407,0.13636363636363635,0.09980153104621492,0.5000000000000001,1.0,3
78,0.7712765957446809,0.19999999999999996,0.0637119113573407,0.13636363636363635,0.10830734335129011,0.5403225806451614,1.0,3
24,0.42553191489361697,0.6000000000000001,0.31301939058171746,0.41558441558441556,0.37765806634533594,0.5564516129032259,1.0,1
190,0.7712765957446809,0.6000000000000001,0.5373961218836565,0.2532467532467532,0.39750496172384464,0.6048387096774194,1.0,1
67,0.4521276595744681,0.19999999999999996,0.24376731301939056,0.29870129870129875,0.27558831868443434,0.4032258064516129,1.0,1
140,0.3457446808510638,0.6000000000000001,0.45429362880886426,0.42857142857142855,0.34647008789339384,0.4193548387096774,1.0,1
251,0.6117021276595744,0.19999999999999996,0.2105263157894737,0.3246753246753246,0.29827048483130136,0.3548387096774194,1.0,3
97,0.7180851063829787,0.19999999999999996,0.185595567867036,0.24675324675324678,0.2146299971647292,0.2822580645161291,1.0,1
40,0.4787234042553191,0.19999999999999996,0.2299168975069252,0.28571428571428575,0.3790757017295152,0.6290322580645163,1.0,1
145,0.4787234042553191,0.19999999999999996,0.1994459833795014,0.25974025974025977,0.33371136943578117,0.49193548387096786,1.0,1
113,0.6117021276595744,0.19999999999999996,0.185595567867036,0.24675324675324678,0.19336546640204144,0.16935483870967738,1.0,1
151,0.5053191489361701,0.19999999999999996,0.14404432132963987,0.21428571428571425,0.28692940175786785,0.7338709677419356,1.0,1
65,0.5851063829787234,0.19999999999999996,0.14127423822714683,0.2337662337662338,0.31386447405727247,0.7983870967741936,1.0,1
